unix_ts,http_code,wall_seconds
1783821793.131398797,200,0.395
1783821794.104831933,200,0.154
1783821794.119017072,200,0.390
1783821794.124678431,200,0.408
1783821794.363888440,200,0.239
1783821794.383250857,200,0.333
1783821794.387749129,200,0.268
1783821794.371670306,200,0.461
1783821794.469885452,200,0.311
1783821794.519953699,200,0.386
1783821794.546732790,200,0.256
1783821794.587776835,200,0.309
1783821794.637565745,200,0.279
1783821794.552873131,200,0.313
1783821794.599746924,200,0.442
1783821794.733169076,200,0.327
1783821794.627504202,200,0.273
1783821794.883707952,200,0.354
1783821794.873692143,200,0.474
1783821794.717284083,200,0.415
1783821794.904140334,200,0.357
1783821794.900218317,200,0.200
1783821794.900192170,200,0.462
1783821794.709647438,200,0.211
1783821794.930905665,200,0.427
1783821794.939919208,200,0.305
1783821794.943130494,200,0.361
1783821794.979167700,200,0.764
1783821794.875686914,200,0.421
1783821795.022432423,200,0.480
1783821795.015706803,200,0.584
1783821795.026000533,200,0.656
1783821795.100193763,200,0.593
1783821794.949231690,200,0.386
1783821795.132113105,200,0.778
1783821795.139353966,200,0.733
1783821795.151982708,200,0.657
1783821795.154399324,200,1.099
1783821795.157621383,200,0.638
1783821795.000108703,200,1.149
1783821795.071898644,200,0.531
1783821795.172680725,200,0.809
1783821795.165960697,200,0.559
1783821795.198894220,200,1.103
1783821795.199342529,200,0.436
1783821795.164553993,200,0.780
1783821795.271154261,200,1.104
1783821795.177527492,200,0.685
1783821795.175896041,200,0.153
1783821795.344645728,200,0.617
1783821795.347101524,200,0.651
1783821795.347691267,200,0.316
1783821795.348192446,200,1.022
1783821795.346598286,200,0.448
1783821795.366358875,200,0.258
1783821795.305478291,200,0.384
1783821795.374423731,200,0.340
1783821795.355022926,200,0.706
1783821795.211528008,200,0.654
1783821795.389146646,200,0.459
1783821795.259651766,200,0.274
1783821795.401748717,200,0.877
1783821795.261086088,200,0.371
1783821795.423046978,200,0.827
1783821795.424073975,200,0.856
1783821795.352184629,200,0.768
1783821795.371233949,200,0.571
1783821795.380254882,200,1.136
1783821795.335982742,200,0.262
1783821795.375807000,200,0.856
1783821795.463491589,200,0.614
1783821795.482583109,200,0.248
1783821795.502714547,200,0.423
1783821795.519934756,200,0.392
1783821795.407170650,200,0.475
1783821795.526541061,200,0.514
1783821795.488922775,200,0.744
1783821795.528104679,200,0.411
1783821795.525593027,200,0.503
1783821795.537975005,200,0.756
1783821795.507697773,200,0.747
1783821795.550660793,200,0.526
1783821795.456365550,200,0.620
1783821795.521843110,200,0.961
1783821795.541236133,200,0.892
1783821795.455766927,200,0.827
1783821795.539774199,200,0.482
1783821795.520975168,200,0.837
1783821795.589819706,200,1.014
1783821795.521905373,200,0.846
1783821795.551792437,200,0.601
1783821795.547259705,200,1.127
1783821795.622966792,200,0.643
1783821795.583118836,200,0.786
1783821795.607720677,200,0.602
1783821795.645161861,200,0.618
1783821795.608774670,200,0.684
1783821795.615885791,200,0.637
1783821795.656938162,200,0.403
1783821795.659208452,200,0.753
1783821795.645700908,200,1.010
1783821795.553036102,200,0.624
1783821795.682633598,200,0.726
1783821795.690663273,200,0.781
1783821795.690663176,200,0.452
1783821795.695382446,200,0.653
1783821795.697856188,200,0.794
1783821795.625666780,200,0.829
1783821795.713903419,200,0.514
1783821795.719959211,200,0.822
1783821795.647184676,200,0.781
1783821795.731248847,200,0.939
1783821795.737494024,200,1.243
1783821795.695887080,200,1.161
1783821795.731045531,200,1.308
1783821795.723885229,200,1.006
1783821795.707908179,200,0.635
1783821795.739570431,200,0.743
1783821795.699477390,200,0.542
1783821795.762429368,200,0.811
1783821795.771402221,200,0.655
1783821795.709384854,200,0.781
1783821795.730106724,200,0.716
1783821795.775752793,200,0.824
1783821795.724731758,200,0.624
1783821795.725369848,200,1.394
1783821795.749310054,200,1.344
1783821795.743693631,200,0.249
1783821795.748360783,200,1.500
1783821795.751659693,200,0.547
1783821795.753191719,200,0.733
1783821795.758966307,200,1.028
1783821795.769276803,200,0.996
1783821795.760422313,200,0.592
1783821795.777686259,200,1.274
1783821795.780091668,200,0.926
1783821795.803385081,200,1.451
1783821795.818670960,200,0.702
1783821795.825039654,200,1.022
1783821795.834275580,200,0.855
1783821795.815814059,200,1.063
1783821795.817281064,200,0.632
1783821795.811778658,200,0.697
1783821795.857872736,200,0.699
1783821795.832709304,200,1.317
1783821795.843813770,200,1.378
1783821795.845289781,200,0.814
1783821795.840054860,200,1.417
1783821795.849508944,200,1.396
1783821795.892991464,200,1.452
1783821795.871229557,200,1.238
1783821795.911021986,200,0.851
1783821795.895401710,200,1.335
1783821795.893246207,200,0.941
1783821795.925387374,200,1.222
1783821795.927995963,200,1.376
1783821795.885752552,200,1.023
1783821795.929546117,200,0.253
1783821795.897055432,200,0.877
1783821795.938346142,200,0.877
1783821795.949719179,200,0.951
1783821795.901566094,200,0.962
1783821795.959499482,200,0.999
1783821795.958966026,200,0.251
1783821795.950068967,200,1.244
1783821795.905506231,200,1.149
1783821795.970834158,200,1.178
1783821795.970697868,200,0.728
1783821795.972783874,200,1.204
1783821795.971959026,200,0.849
1783821795.987224347,200,1.103
1783821795.991494568,200,1.008
1783821795.996097650,200,1.264
1783821795.995243648,200,0.719
1783821795.997664011,200,0.745
1783821796.000735772,200,1.062
1783821796.002429310,200,0.797
1783821795.980521808,200,1.138
1783821796.002950541,200,0.967
1783821796.003349946,200,1.154
1783821796.004923255,200,0.675
1783821796.005191224,200,0.364
1783821795.982019880,200,0.906
1783821795.984700629,200,1.105
1783821796.005676685,200,0.623
1783821796.009823502,200,0.979
1783821796.013121084,200,0.864
1783821796.013092302,200,0.830
1783821796.008223551,200,0.992
1783821796.014796213,200,0.661
1783821796.016547506,200,0.834
1783821796.018673368,200,1.175
1783821796.018792754,200,1.177
1783821796.021408666,200,1.073
1783821796.018158348,200,0.665
1783821796.020246833,200,0.802
1783821796.020627876,200,0.721
1783821796.025920070,200,0.556
1783821796.026550094,200,0.592
1783821796.028799119,200,0.550
