t_ms,http_code,wall_ms
8,200,121
160,200,120
312,200,121
464,200,120
616,200,120
768,200,122
920,200,120
1072,200,121
1224,200,121
1376,200,120
1984,503,12
2137,503,11
2289,503,11
2441,503,11
2594,503,11
1528,000,1213
2746,503,10
1680,000,1211
2898,503,11
1832,000,1210
3050,503,11
3202,503,11
3354,503,11
3507,503,13
3659,503,11
3811,503,11
3963,503,11
4115,503,11
4267,503,11
4420,503,12
4572,503,11
4726,200,122
4879,200,121
5030,200,121
5182,200,120
5334,200,121
5486,200,120
5638,200,121
5790,200,120
5943,200,120
6094,200,120
6246,200,120
6398,200,121
6550,200,120
6702,200,120
6854,200,121
7006,200,120
7158,200,120
7310,200,120
7462,200,120
7614,200,120
7767,200,122
7919,200,120
8071,200,120
8223,200,120
8375,200,120
8527,200,120
8679,200,122
8831,200,120
8983,200,121
