unix_ts,http_code,model
1783821088.955942608,200,qwen2.5-1.5b-instruct
1783821089.522471629,200,qwen2.5-1.5b-instruct
1783821090.030835807,200,qwen2.5-1.5b-instruct
1783821090.544881771,200,qwen2.5-1.5b-instruct
1783821091.057673743,200,qwen2.5-1.5b-instruct
1783821091.571530800,200,qwen2.5-1.5b-instruct
1783821092.086480389,200,qwen2.5-1.5b-instruct
1783821092.720339575,200,qwen2.5-1.5b-instruct
1783821093.232621390,200,qwen2.5-1.5b-instruct
1783821093.748086266,200,qwen2.5-1.5b-instruct
1783821094.345853956,200,qwen2.5-1.5b-instruct
1783821094.874046754,200,qwen2.5-1.5b-instruct
1783821095.389352661,200,qwen2.5-1.5b-instruct
1783821095.968302546,200,qwen2.5-1.5b-instruct
1783821096.663656754,200,qwen2.5-1.5b-instruct
1783821097.183285924,200,qwen2.5-1.5b-instruct
1783821097.789038703,200,qwen2.5-1.5b-instruct
1783821098.416300561,200,qwen2.5-1.5b-instruct
1783821098.977402393,200,qwen2.5-1.5b-instruct
1783821099.489356429,200,qwen2.5-1.5b-instruct
1783821100.063949888,200,qwen2.5-1.5b-instruct
1783821100.726894896,200,qwen2.5-1.5b-instruct
1783821101.257177849,200,qwen2.5-1.5b-instruct
