unix_ts,http_code
1783813589.094927991,200
1783813589.418860062,200
1783813589.743135594,200
1783813590.067618845,200
1783813590.391390547,200
1783813590.714836249,200
1783813591.050416518,200
1783813591.373432120,200
1783813591.697734509,200
1783813592.022364658,200
1783813592.345748428,200
1783813593.696634224,200
1783813594.020035634,200
1783813594.343926559,200
1783813594.667384876,200
1783813594.992268161,200
1783813595.315477647,200
1783813595.640042745,200
1783813595.966418082,200
1783813596.289638258,200
1783813596.614862435,200
1783813596.938386853,200
1783813597.261111650,200
1783813597.583292754,200
1783813597.907371987,200
1783813598.232869095,200
1783813598.557813066,200
